<ImportExportXml version="9.2.25084.180" SolutionPackageVersion="9.2" languagecode="1033" generatedBy="CrmLive" xmlns:xsi="http://www.w3.org/2001/XMLSchema-instance" OrganizationVersion="9.2.25084.180" OrganizationSchemaType="Standard" CRMServerServiceabilityVersion="9.2.25084.00180">
  <SolutionManifest>
    <UniqueName>FilteredDetailsList</UniqueName>
    <LocalizedNames>
      <LocalizedName description="FilteredDetailsList" languagecode="1033" />
    </LocalizedNames>
    <Descriptions />
    <Version>3.0.0.2</Version>
    <Managed>0</Managed>
    <Publisher>
      <UniqueName>JVT</UniqueName>
      <LocalizedNames>
        <LocalizedName description="JVT Publisher" languagecode="1033" />
      </LocalizedNames>
      <Descriptions>
        <Description description="JVT Publisher for PCF Components" languagecode="1033" />
      </Descriptions>
      <EMailAddress>admin@contoso.com</EMailAddress>
      <SupportingWebsiteUrl>https://www.contoso.com</SupportingWebsiteUrl>
      <CustomizationPrefix>jvt</CustomizationPrefix>
      <CustomizationOptionValuePrefix>10000</CustomizationOptionValuePrefix>
      <Addresses>
        <Address>
          <AddressNumber>1</AddressNumber>
          <AddressTypeCode>1</AddressTypeCode>
          <City>Redmond</City>
          <County>King</County>
          <Country>US</Country>
          <Fax xsi:nil="true"></Fax>
          <FreightTermsCode xsi:nil="true"></FreightTermsCode>
          <ImportSequenceNumber xsi:nil="true"></ImportSequenceNumber>
          <Latitude xsi:nil="true"></Latitude>
          <Line1 xsi:nil="true"></Line1>
          <Line2 xsi:nil="true"></Line2>
          <Line3 xsi:nil="true"></Line3>
          <Longitude xsi:nil="true"></Longitude>
          <Name xsi:nil="true"></Name>
          <PostalCode>98052</PostalCode>
          <PostOfficeBox xsi:nil="true"></PostOfficeBox>
          <PrimaryContactName xsi:nil="true"></PrimaryContactName>
          <ShippingMethodCode xsi:nil="true"></ShippingMethodCode>
          <StateOrProvince>WA</StateOrProvince>
          <Telephone1 xsi:nil="true"></Telephone1>
          <Telephone2 xsi:nil="true"></Telephone2>
          <Telephone3 xsi:nil="true"></Telephone3>
          <TimeZoneRuleVersionNumber xsi:nil="true"></TimeZoneRuleVersionNumber>
          <UPSZone xsi:nil="true"></UPSZone>
          <UTCOffset xsi:nil="true"></UTCOffset>
          <UTCConversionTimeZoneCode xsi:nil="true"></UTCConversionTimeZoneCode>
        </Address>
      </Addresses>
    </Publisher>
    <RootComponents>
      <RootComponent type="66" schemaName="jvt_JVT.FilteredDetailsListV2" behavior="0" />
    </RootComponents>
    <MissingDependencies />
  </SolutionManifest>
</ImportExportXml>